Price Per Unit,Price Per Unit,Price Per Unit,Price Per Unit,Price Per Unit,Price Per Unit,Price Per Unit,Price Per Unit,Quantity,Quantity,Quantity,Quantity,Quantity,Quantity,Quantity,Quantity,Total Spent,Total Spent,Total Spent,Total Spent,Total Spent,Total Spent,Total Spent,Total Spent
Total Records,Average,Standard Deviation,Minimum,25th Percentile,50th Percentile,75th Percentile,Maximum,Total Records,Average,Standard Deviation,Minimum,25th Percentile,50th Percentile,75th Percentile,Maximum,Total Records,Average,Standard Deviation,Minimum,25th Percentile,50th Percentile,75th Percentile,Maximum
1416.0,23.19173728813559,10.949165975829821,5.0,14.0,24.5,32.0,41.0,1416.0,5.553672316384181,2.8626905360636536,1.0,3.0,6.0,8.0,10.0,1416.0,129.56814971751413,95.7058016841647,5.0,47.5,108.5,193.5,395.0
1410.0,25.08723404255319,11.048742585158989,5.0,14.375,26.0,35.0,41.0,1410.0,5.435460992907801,2.8728220312519723,1.0,3.0,5.0,8.0,10.0,1410.0,136.81985815602837,97.9282092601207,5.0,52.0,115.0,207.0,395.0
1395.0,23.11935483870968,9.670017463636063,5.0,15.5,23.0,32.0,41.0,1395.0,5.6,2.8432002499658773,1.0,3.0,6.0,8.0,10.0,1395.0,129.09139784946237,87.77287476387191,5.0,58.0,111.0,184.0,380.0
1428.0,24.221638655462186,10.469534049489361,5.0,15.5,24.5,33.5,41.0,1428.0,5.467086834733894,2.8419538223806775,1.0,3.0,6.0,8.0,10.0,1428.0,132.17892156862746,92.94491679587142,5.0,57.0,110.0,192.75,395.0
1415.0,23.049823321554772,10.084376612665515,5.0,14.0,23.0,30.5,41.0,1415.0,5.522968197879859,2.7872466088988572,1.0,3.0,6.0,8.0,10.0,1415.0,127.30388692579506,88.05852186713255,5.0,55.5,110.0,182.75,395.0
1452.0,23.171487603305785,11.692057291702698,5.0,12.5,21.5,33.5,41.0,1452.0,5.511707988980716,2.8662826325564827,1.0,3.0,6.0,8.0,10.0,1452.0,126.20316804407713,96.16153623613543,5.0,47.5,100.0,182.0,395.0
1423.0,21.3134223471539,10.78185476377303,5.0,12.5,21.5,30.5,41.0,1423.0,5.52986647926915,2.8525016378565016,1.0,3.0,6.0,8.0,10.0,1423.0,119.41496837666901,92.22276358463874,5.0,42.0,92.5,184.0,395.0
1367.0,23.001097293343086,10.28484322968487,5.0,15.5,21.5,32.0,41.0,1367.0,5.482809070958303,2.8340310644135753,1.0,3.0,5.0,8.0,10.0,1367.0,125.46488661302122,90.1753997456919,5.0,52.0,102.0,182.5,395.0
